Filename,Category
Test100.jpg,Random
Test1001.jpg,Positive
Test1012.jpg,Positive
Test1022.jpg,Positive
Test103.jpg,Random
Test105.jpg,Random
Test107.jpg,Positive
Test1071.jpg,Positive
Test108.jpg,Positive
Test109.jpg,Random
Test1122.jpg,Random
Test113.jpg,Random
Test114.jpg,Random
Test1161.jpg,Random
Test117.jpg,Random
Test119.jpg,Negative
Test1199.jpg,Negative
Test122.jpg,Random
Test1229.jpg,Negative
Test1240.jpg,Random
Test125.jpg,Negative
Test126.jpg,Random
Test1271.jpg,Random
Test1279.jpg,Random
Test128.jpg,Random
Test129.jpg,Random
Test1290.jpg,Random
Test131.jpg,Random
Test132.jpg,Random
Test133.jpg,Random
Test134.jpg,Random
Test135.jpg,Negative
Test1353.jpg,Random
Test1359.jpg,Random
Test136.jpg,Random
Test140.jpg,Random
Test141.jpg,Random
Test143.jpg,Random
Test144.jpg,Random
Test145.jpg,Random
Test149.jpg,Random
Test151.jpg,Random
Test152.jpg,Random
Test154.jpg,Negative
Test158.jpg,Random
Test160.jpg,Random
Test161.jpg,Random
Test1615.jpg,Negative
Test162.jpg,Random
Test1620.jpg,Positive
Test1634.jpg,Random
Test164.jpg,Random
Test1644.jpg,Random
Test165.jpg,Random
Test166.jpg,Random
Test168.jpg,Random
Test1717.jpg,Random
Test172.jpg,Random
Test1724.jpg,Positive
Test173.jpg,Random
Test1743.jpg,Positive
Test176.jpg,Random
Test1767.jpg,Random
Test1776.jpg,Positive
Test1785.jpg,Negative
Test1788.jpg,Random
Test179.jpg,Random
Test180.jpg,Random
Test1803.jpg,Random
Test181.jpg,Random
Test1818.jpg,Random
Test183.jpg,Random
Test1837.jpg,Random
Test1856.jpg,Positive
Test187.jpg,Random
Test1872.jpg,Positive
Test188.jpg,Random
Test1884.jpg,Negative
Test1885.jpg,Random
Test1889.jpg,Random
Test1902.jpg,Random
Test191.jpg,Positive
Test192.jpg,Random
Test1923.jpg,Positive
Test1934.jpg,Random
Test194.jpg,Random
Test1954.jpg,Random
Test198.jpg,Negative
Test1992.jpg,Positive
Test2007.jpg,Positive
Test201.jpg,Random
Test204.jpg,Random
Test2049.jpg,Random
Test206.jpg,Random
Test2068.jpg,Random
Test209.jpg,Random
Test211.jpg,Random
Test2114.jpg,Random
Test212.jpg,Random
Test213.jpg,Random
Test216.jpg,Random
Test218.jpg,Random
Test2209.jpg,Random
Test221.jpg,Random
Test2235.jpg,Random
Test225.jpg,Random
Test227.jpg,Random
Test228.jpg,Random
Test2280.jpg,Random
Test230.jpg,Positive
Test2309.jpg,Positive
Test231.jpg,Random
Test232.jpg,Random
Test233.jpg,Random
Test234.jpg,Random
Test236.jpg,Random
Test237.jpg,Random
Test2371.jpg,Positive
Test238.jpg,Random
Test239.jpg,Negative
Test240.jpg,Random
Test2411.jpg,Positive
Test242.jpg,Negative
Test2424.jpg,Random
Test243.jpg,Positive
Test2434.jpg,Random
Test244.jpg,Random
Test245.jpg,Negative
Test2455.jpg,Random
Test249.jpg,Random
Test250.jpg,Random
Test2590.jpg,Random
Test2616.jpg,Random
Test2648.jpg,Random
Test2650.jpg,Random
Test2743.jpg,Random
Test2791.jpg,Random
Test2792.jpg,Positive
Test2870.jpg,Positive
Test2959.jpg,Random
Test2962.jpg,Random
Test2977.jpg,Random
Test3024.jpg,Random
Test3030.jpg,Negative
Test3118.jpg,Positive
Test3130.jpg,Random
Test3159.jpg,Random
Test3177.jpg,Negative
Test3246.jpg,Positive
Test3265.jpg,Positive
Test3277.jpg,Random
Test3294.jpg,Random
Test3360.jpg,Random
Test3512.jpg,Random
Test3525.jpg,Random
Test353.jpg,Random
Test3566.jpg,Random
Test360.jpg,Random
Test3625.jpg,Random
Test3706.jpg,Positive
Test372.jpg,Positive
Test374.jpg,Random
Test3749.jpg,Random
Test3750.jpg,Negative
Test378.jpg,Positive
Test3789.jpg,Random
Test3798.jpg,Random
Test3827.jpg,Positive
Test3863.jpg,Random
Test3864.jpg,Negative
Test3893.jpg,Negative
Test3934.jpg,Random
Test396.jpg,Negative
Test397.jpg,Positive
Test3975.jpg,Random
Test3985.jpg,Random
Test400.jpg,Positive
Test417.jpg,Random
Test422.jpg,Random
Test440.jpg,Random
Test449.jpg,Random
Test482.jpg,Positive
Test489.jpg,Random
Test490.jpg,Random
Test498.jpg,Positive
Test516.jpg,Positive
Test519.jpg,Random
Test522.jpg,Positive
Test523.jpg,Random
Test526.jpg,Random
Test527.jpg,Positive
Test533.jpg,Random
Test536.jpg,Random
Test545.jpg,Random
Test579.jpg,Positive
Test581.jpg,Positive
Test587.jpg,Random
Test606.jpg,Random
Test612.jpg,Random
Test614.jpg,Positive
Test624.jpg,Random
Test644.jpg,Positive
Test660.jpg,Positive
Test661.jpg,Positive
Test665.jpg,Positive
Test668.jpg,Random
Test677.jpg,Random
Test715.jpg,Negative
Test751.jpg,Random
Test757.jpg,Random
Test760.jpg,Positive
Test761.jpg,Random
Test778.jpg,Random
Test779.jpg,Positive
Test789.jpg,Positive
Test803.jpg,Random
Test811.jpg,Random
Test812.jpg,Positive
Test824.jpg,Random
Test833.jpg,Negative
Test834.jpg,Random
Test835.jpg,Random
Test837.jpg,Random
Test843.jpg,Positive
Test859.jpg,Positive
Test861.jpg,Random
Test884.jpg,Random
Test890.jpg,Positive
Test903.jpg,Random
Test912.jpg,Negative
Test929.jpg,Positive
Test937.jpg,Positive
Test941.jpg,Random
Test942.jpg,Negative
Test945.jpg,Negative
Test946.jpg,Negative
Test957.jpg,Random
Test979.jpg,Random
Test993.jpg,Positive
